id,first_name,last_name,email,company,active
1,Siobhan,Brazier,sbrazier0@cisco.com,Tagpad,false
2,Heinrick,Genese,hgenese1@ovh.net,Podcat,true
3,Brodie,Stancer,bstancer2@businessinsider.com,Tazz,false
4,Temple,Kleinfeld,tkleinfeld3@over-blog.com,Reallinks,false
5,June,Downey,jdowney4@smugmug.com,Wordware,true
6,Seamus,Chevin,schevin5@usda.gov,Dynabox,true
7,Dani,Godmer,dgodmer6@about.me,Jaxspan,false
8,Rafi,Sivyer,rsivyer7@cbsnews.com,Gevee,true
9,Dunstan,Powner,dpowner8@ucoz.com,Devbug,true
10,Annissa,Ricioppo,aricioppo9@stumbleupon.com,Tekfly,false
11,Corliss,Sitlinton,csitlintona@seesaa.net,Gabcube,false
12,Hephzibah,Inman,hinmanb@ca.gov,Lajo,false
13,Elspeth,Valentino,evalentinoc@odnoklassniki.ru,Jayo,true
14,Klarrisa,Bizzey,kbizzeyd@ezinearticles.com,Realbuzz,false
15,Lorrayne,Mitford,lmitforde@usa.gov,Twitterbridge,false
16,Ferdinand,Matuska,fmatuskaf@hexun.com,Linkbridge,false
17,Natalya,Wressell,nwressellg@over-blog.com,Tagchat,true
18,Madelene,Goldie,mgoldieh@furl.net,Skinder,true
19,Art,Stepney,astepneyi@arstechnica.com,Linkbuzz,true
20,Erma,Goodsal,egoodsalj@macromedia.com,Feednation,true
